assetNumber,customer_account,product,asset_type,device_name,manufacturer,vendor,model,model_version,serial_number,ip_address,snmp_community_string,location,owner,contracts_start_dt,contracts_end_dt,aggregated_to_,status,vendor_account_manager,contact_number,contact_email,website,service_availed,cost,cost_frequency,tags,notes,created_dt,created_by
NH0009930,VIF,Switch,Hardware,VIF-013-SW,Juniper,Extreme Networks,EX4800-48P,"",8PYPZ9ZPX5YY,158.200.13.80,49x294,Surrey,Malena Nower,2023-09-27 00:40:44,2023-12-27 00:40:44,NH0009930,Active,Westleigh Abernethy,895-324-6973,wabernethy0@deliciousdays.com,https://shinystat.com,Deployment Service,2264.34,Bi-Weekly,,,2023-09-27 00:40:44,ddandekar
NH0009496,FVW,Switch,Hardware,FVW-013-SW,Juniper,Extreme Networks,EX4800-48P,,Y04YO8U40M95,14.184.117.160,qj98ti,New Westminster,Briney Renault,2023-09-15 06:22:40,2024-02-15 06:22:40,,Active,Mathilda Rany,747-763-2830,mrany1@flickr.com,https://gov.uk,Deployment Service,24926.75,One-time payment,,,2023-07-15 06:22:40,lsule
NH0004392,ZWI,Switch,Hardware,ZWI-093-SW,Arista,Extreme Networks,DCS-7124S,,W7413X9I998J,111.233.148.191,9w4ivn,Vancouver,Florencia Metzig,2023-08-30 14:01:34,2023-11-30 14:01:34,,Active,Morley Tavner,661-583-5003,mtavner2@dion.ne.jp,http://ehow.com,Deployment Service,20254.52,Bi-Weekly,,,2023-08-30 14:01:34,ddandekar
NH0003924,ZWI,Switch,Hardware,ZWI-083-SW,Arista,Extreme Networks,DCS-7048T-4S-F,,R7Z6681O4G70,16.128.183.35,2m5712,Burnaby,Lionello Schlag,2023-07-27 21:38:07,2024-07-27 21:38:07,,Active,Witty Danovich,274-764-8759,wdanovich3@lulu.com,http://latimes.com,After Sales Service,7041.13,Annual,,,2023-06-27 21:38:07,lsule
NH0000363,XZS,Switch,Hardware,XZS-003-SW,Arista,Extreme Networks,DCS-7048T-4S-F,,5D0Z2W715MR9,137.199.84.123,kg032y,New Westminster,Stepha Moncarr,2023-08-26 05:28:59,2025-06-26 05:28:59,,Active,Douglas De Cruze,832-702-9264,dde4@trellian.com,http://xinhuanet.com,After Sales Service,26446.52,One-time payment,,,2023-08-26 05:28:59,ddandekar
NH0006595,ZWI,Switch,Hardware,ZWI-073-SW,Juniper,Extreme Networks,EX4100-48P,"",LWUQH3O8R4U2,27.205.32.199,4m8i0b,Burnaby,Aileen Linn,2023-09-22 10:03:58,2025-06-22 10:03:58,NH0006595,Active,Minni Tyers,767-685-5791,mtyers5@mysql.com,http://intel.com,Deployment Service,7779.18,Annual,ZWI,,2023-08-22 10:03:58,ddandekar
NH0002296,ZWI,Switch,Hardware,ZWI-063-SW,Juniper,Extreme Networks,EX4800-48P,"",765I0IC40P6B,127.78.78.165,fso6sk,Burnaby,Issy Phelit,2023-08-17 10:29:52,2024-10-17 10:29:52,,Active,Dewie Ollet,253-583-4318,dollet6@bloglovin.com,http://multiply.com,Deployment Service,2615.95,Annual,,,2023-06-17 10:29:52,ddandekar
NH0002917,VIF,Router,Hardware,VIF-043-RT,Juniper,Extreme Networks,MX80-AC,"",T0YXQG2ZA490,247.69.54.85,6x2zz3,Burnaby,Moll Nehlsen,2023-09-15 20:10:36,2024-10-15 20:10:36,,Active,Yolanthe Lightbown,310-863-8165,ylightbown7@wisc.edu,https://mediafire.com,After Sales Service,12936.27,Monthly,,,2023-09-15 20:10:36,tpastoril
NH0006539,TRQ,Switch,Hardware,TRQ-023-SW,Juniper,Extreme Networks,EX4100-48P,,LG14860BSJNU,228.152.196.47,4e0k1t,Burnaby,Janessa Ghost,2023-10-23 21:43:58,2025-06-23 21:43:58,,Active,Dicky Avramovitz,114-663-3496,davramovitz8@jiathis.com,https://networkadvertising.org,After Sales Service,12232.49,Annual,,,2023-08-23 21:43:58,tpastoril
NH0007931,FVW,Switch,Hardware,FVW-053-SW,Juniper,Extreme Networks,EX4100-48P,,G4Q563N2DLPF,222.28.232.23,r7m4el,New Westminster,Ches Bowart,2023-09-14 23:25:43,2024-04-14 23:25:43,NH0007931,Active,Karilynn Grunnell,500-383-9429,kgrunnell9@dailymail.co.uk,https://tmall.com,After Sales Service,12511.36,Monthly,,,2023-09-14 23:25:43,ddandekar
NH0008371,TRQ,Router,Hardware,TRQ-083-RT,Juniper,Extreme Networks,MX80-AC,,P1T642D2TW8I,56.194.241.165,n098o1,Burnaby,Reynold Bradnick,2023-08-08 16:04:41,2024-11-08 16:04:41,,Active,Roselin Petley,645-911-6657,rpetleya@geocities.jp,http://goo.ne.jp,Deployment Service,7063.38,Bi-Weekly,,,2023-08-08 16:04:41,tpastoril
NH0005862,TRQ,Switch,Hardware,TRQ-073-SW,Juniper,Extreme Networks,EX4100-48P,,VNE7V3O78LRU,72.93.169.203,qqs52t,Surrey,Rogerio Bartolomeazzi,2023-10-09 23:34:51,2024-02-09 23:34:51,NH0005862,Active,Malchy Wilgar,984-877-1278,mwilgarb@uiuc.edu,http://youtube.com,Deployment Service,19821.16,Annual,,,2023-09-09 23:34:51,lsule
NH0003896,XZS,Switch,Hardware,XZS-073-SW,Juniper,Extreme Networks,EX4100-48P,"",21NJT17Z602F,173.160.167.59,r6k230,Vancouver,Regan Arni,2023-10-06 06:48:33,2024-12-06 06:48:33,,Active,Zita Hubber,626-991-1682,zhubberc@geocities.jp,https://prweb.com,After Sales Service,23727.79,Annual,XZS,,2023-08-06 06:48:33,lsule
NH0005095,TRQ,Switch,Hardware,TRQ-013-SW,Juniper,Extreme Networks,EX4100-48P,"",9MK16QAM7W48,67.223.102.8,i43585,Surrey,Kata Ironside,2023-10-18 11:36:23,2024-11-18 11:36:23,NH0005095,Active,Gertie Astbury,991-268-9018,gastburyd@huffingtonpost.com,https://prweb.com,After Sales Service,19497.0,Monthly,,,2023-09-18 11:36:23,tpastoril
NH0008894,VIF,Not applicable,Software,Microsoft Exchange Server 2019 - Enterprise License,Microsoft,Extreme Networks,SKU 395-04604,,45SWZCG6G3MB,6.251.232.184,6djp0q,Vancouver,Odetta Brogini,2023-09-04 09:44:25,2024-10-04 09:44:25,,Active,Pen Iacovelli,594-308-3427,piacovellie@qq.com,https://kickstarter.com,Deployment Service,11052.15,One-time payment,,,2023-07-04 09:44:25,lsule
NH0002377,ZWI,Switch,Hardware,ZWI-073-SW,Cisco,Extreme Networks,CBS220-48T-4G,,495GK7VQQRA4,253.89.224.28,6lhjp8,Burnaby,Annetta Earthfield,2023-09-19 08:08:31,2025-09-19 08:08:31,,Active,Ellene Hazart,241-752-3997,ehazartf@blogspot.com,https://taobao.com,After Sales Service,18596.17,Annual,,,2023-08-19 08:08:31,ddandekar
NH0000318,ZWI,Switch,Hardware,ZWI-013-SW,Juniper,Extreme Networks,EX4100-48P,"",26E9QU60J6O0,225.147.215.51,f49249,Surrey,Maurizio Sauvage,2023-09-12 15:49:12,2024-08-12 15:49:12,,Active,Elfreda Dumbleton,611-142-8868,edumbletong@deviantart.com,https://elpais.com,After Sales Service,8716.31,Annual,ZWI,,2023-08-12 15:49:12,lsule
NH0009051,TRQ,Router,Hardware,TRQ-063-RT,Arista,Extreme Networks,AWE-5510,"",BNVUR8I50X6L,231.74.21.171,95mb5o,New Westminster,Gaynor Hammand,2023-10-18 05:19:21,2025-05-18 05:19:21,,Decommisioned,Patrizius Ledley,780-497-5202,pledleyh@ed.gov,https://usda.gov,Deployment Service,11507.84,One-time payment,,,2023-09-18 05:19:21,tpastoril
NH0003782,FVW,Switch,Hardware,FVW-073-SW,Juniper,Extreme Networks,EX4100-48P,"",TUBTI4WMRF81,63.237.5.4,9tt81s,Burnaby,Lancelot Pietzke,2023-09-16 18:29:58,2025-03-16 18:29:58,,Active,Antons Tennison,297-553-0935,atennisoni@umn.edu,http://studiopress.com,Deployment Service,23868.88,One-time payment,,,2023-08-16 18:29:58,tpastoril
NH0007516,TRQ,Switch,Hardware,TRQ-063-SW,Juniper,Extreme Networks,EX4100-48P,,53COW8428RS8,248.12.114.116,k1mu0c,Burnaby,Son Holt,2023-08-18 04:20:50,2025-06-18 04:20:50,,Active,Devina Biddiss,907-964-6484,dbiddissj@myspace.com,http://dion.ne.jp,Deployment Service,24471.23,One-time payment,,,2023-07-18 04:20:50,tpastoril
NH0004080,XZS,Switch,Hardware,XZS-093-SW,Arista,Extreme Networks,DCS-7048T-4S-F,,14BN83JR8ZCX,49.124.191.94,e7x079,Vancouver,Monty Sebrook,2023-09-08 04:30:13,2025-02-08 04:30:13,,Active,Silvain Brellin,867-717-6079,sbrellink@senate.gov,http://stumbleupon.com,Deployment Service,1391.56,Annual,,tellus semper,2023-08-08 04:30:13,ddandekar
NH0003272,VIF,AP,Hardware,VIF-093-AP,Aruba,Extreme Networks,AP635 R7J27A,,LL6K12AYDK4P,202.197.197.108,s60w44,New Westminster,Ashbey Leech,2023-10-15 21:14:37,2024-07-15 21:14:37,,Active,Kary Urvoy,866-513-4595,kurvoyl@china.com.cn,https://spiegel.de,After Sales Service,12495.46,Annual,VIF,,2023-09-15 21:14:37,lsule
NH0001249,VIF,Router,Hardware,VIF-083-RT,Arista,Extreme Networks,AWE-5510,,QBSC362776VO,16.213.193.219,34406s,Vancouver,Elwira Grigoryov,2023-07-26 20:05:45,2025-01-26 20:05:45,NH0001249,Active,Sarena Wyley,642-315-3718,swyleym@walmart.com,http://archive.org,After Sales Service,22044.98,One-time payment,,,2023-05-26 20:05:45,ddandekar
NH0006664,TRQ,Switch,Hardware,TRQ-083-SW,Juniper,Extreme Networks,EX4100-48P,"",0S2J62X0CSNR,40.159.119.168,9t1ads,Vancouver,Adelind Brickham,2023-10-05 02:47:36,2025-08-05 02:47:36,,Active,Charo Rimbault,870-223-7930,crimbaultn@1688.com,https://sbwire.com,Deployment Service,9308.81,Bi-Weekly,,,2023-09-05 02:47:36,ddandekar
NH0009975,VIF,Switch,Hardware,VIF-043-SW,Juniper,Extreme Networks,EX4100-48P,,7GH79U759GGP,35.122.116.196,0kpj0m,Burnaby,Sidonnie Stealfox,2023-09-22 14:53:40,2025-09-22 14:53:40,,Active,Demetris Grugerr,639-850-9130,dgrugerro@state.tx.us,http://twitter.com,After Sales Service,2637.1,Monthly,,quam turpis adipiscing lorem vitae mattis nibh,2023-09-22 14:53:40,lsule
NH0002880,ZWI,Switch,Hardware,ZWI-043-SW,Juniper,Extreme Networks,EX4100-48P,,6MF5XH811SF7,93.250.212.98,1me631,Burnaby,Lou Clemetts,2023-10-04 19:56:03,2024-06-04 19:56:03,,Active,Perle Aleksankov,785-864-3240,paleksankovp@chicagotribune.com,http://mapquest.com,Deployment Service,21822.89,One-time payment,,,2023-09-04 19:56:03,tpastoril
NH0009035,FVW,Switch,Hardware,FVW-033-SW,Juniper,Extreme Networks,EX4100-48P,"",146264Q159GO,214.231.40.248,ibxjrd,New Westminster,Nonna Kedie,2023-10-02 14:03:58,2024-12-02 14:03:58,,In-Stock,Vernice Knightley,711-810-6089,vknightleyq@wordpress.com,http://noaa.gov,After Sales Service,8863.5,Monthly,,,2023-09-02 14:03:58,ddandekar
NH0003616,XZS,Switch,Hardware,XZS-053-SW,Juniper,Extreme Networks,EX4100-48P,,275ZVET9BEXS,209.128.246.27,2ua9g0,New Westminster,Ado Pinkney,2023-09-01 01:44:52,2024-12-01 01:44:52,,Active,Gauthier Illiston,921-223-5326,gillistonr@noaa.gov,https://mozilla.org,Deployment Service,1397.28,One-time payment,,,2023-08-01 01:44:52,ddandekar
NH0009346,TRQ,Switch,Hardware,TRQ-083-SW,Cisco,Extreme Networks,SG250X-48P,"",OT8CNS611821,118.69.44.56,6e8vno,Burnaby,Kali Courtier,2023-10-04 00:46:16,2024-11-04 00:46:16,,Active,Emerson Dunleavy,606-819-2337,edunleavys@amazon.de,http://tmall.com,After Sales Service,10968.73,Annual,TRQ,,2023-09-04 00:46:16,tpastoril
NH0002756,VIF,Switch,Hardware,VIF-053-SW,Juniper,Extreme Networks,EX4100-48P,"",56J0221UT1NL,123.160.196.194,o1533h,Vancouver,Lewes Grelak,2023-08-13 10:44:32,2025-04-13 10:44:32,,Active,Mattheus Rhead,555-681-5910,mrheadt@xrea.com,http://apache.org,Deployment Service,4371.63,Annual,,,2023-08-13 10:44:32,lsule
NH0001320,TRQ,Switch,Hardware,TRQ-053-SW,Juniper,Extreme Networks,EX4100-48P,"",4VUV6GSW9767,78.235.157.224,fq27p4,Surrey,Padraic Ducker,2023-09-28 22:26:30,2025-01-28 22:26:30,,Active,Inglis Maleck,401-619-5549,imalecku@ebay.co.uk,https://cdbaby.com,After Sales Service,22499.3,One-time payment,TRQ,,2023-09-28 22:26:30,ddandekar
NH0005977,FVW,Switch,Hardware,FVW-093-SW,Juniper,Extreme Networks,EX4100-48P,,HC72BF1E731L,194.148.216.0,48hj27,Surrey,Sheelagh Parnell,2023-10-18 04:24:47,2024-05-18 04:24:47,NH0005977,Active,Tamqrah Bletso,266-908-7223,tbletsov@youku.com,https://omniture.com,Deployment Service,7799.65,One-time payment,FVW,,2023-08-18 04:24:47,tpastoril
NH0008106,FVW,Switch,Hardware,FVW-053-SW,Juniper,Extreme Networks,EX4100-48P,"",X03Y768B0YER,97.79.18.149,cy1hk7,Burnaby,Lucita McCrossan,2023-10-12 07:44:04,2024-04-12 07:44:04,,Active,Heywood O'Keaveny,842-211-1828,hokeavenyw@ovh.net,http://hexun.com,After Sales Service,16347.29,Annual,,,2023-09-12 07:44:04,ddandekar
NH0005708,XZS,Switch,Hardware,XZS-023-SW,Juniper,Extreme Networks,EX4100-48P,"",V52A84C0YXFQ,3.37.43.4,6z699f,Vancouver,Vanna Toohey,2023-09-13 14:33:53,2025-05-13 14:33:53,NH0005708,Active,Darnell Works,545-655-4465,dworksx@census.gov,http://irs.gov,After Sales Service,5472.23,One-time payment,,,2023-07-13 14:33:53,tpastoril
NH0001780,XZS,Switch,Hardware,XZS-063-SW,Juniper,Extreme Networks,EX4100-48P,,I5F7D2MM3O70,213.85.212.180,6m80v5,Surrey,Else Toman,2023-07-25 20:21:19,2025-01-25 20:21:19,,Active,Vaclav Phillpotts,471-853-9376,vphillpottsy@huffingtonpost.com,http://google.co.jp,Deployment Service,23045.31,One-time payment,,,2023-06-25 20:21:19,ddandekar
NH0002017,XZS,Switch,Hardware,XZS-093-SW,Juniper,Extreme Networks,EX4100-48P,"",H4H45AO9N8E5,157.249.59.75,bkt05k,Surrey,Myra Elmar,2023-07-27 07:53:54,2023-12-27 07:53:54,,Active,Alicia Rubert,867-528-1247,arubertz@dagondesign.com,https://1und1.de,Deployment Service,18124.59,Monthly,,suscipit a feugiat et eros vestibulum,2023-06-27 07:53:54,lsule
NH0004330,XZS,Switch,Hardware,XZS-013-SW,Juniper,Extreme Networks,EX4100-48P,,Y659O83YP3VB,226.115.156.44,o05cgx,Vancouver,Roxana Kittles,2023-09-02 13:07:44,2025-01-02 13:07:44,,Active,Godart Boscher,580-185-8003,gboscher10@opera.com,https://sphinn.com,Deployment Service,16823.89,Monthly,,,2023-09-02 13:07:44,tpastoril
NH0000177,VIF,Router,Hardware,VIF-043-RT,Juniper,Extreme Networks,MX80-AC,,F1P62R17V8DU,193.40.241.72,mn995w,Vancouver,Rebe Oran,2023-09-26 03:10:35,2025-09-26 03:10:35,,Active,Karee Mulran,802-157-6781,kmulran11@ask.com,https://wix.com,Deployment Service,2042.68,Monthly,,,2023-09-26 03:10:35,tpastoril
NH0002824,TRQ,Switch,Hardware,TRQ-013-SW,Juniper,Extreme Networks,EX4100-48P,"",VR290PP330N6,176.11.114.44,q99qrr,Surrey,Marten Gregore,2023-07-26 08:58:40,2024-12-26 08:58:40,,Active,Trevar Grief,411-530-0375,tgrief12@amazon.co.uk,http://networkadvertising.org,After Sales Service,14587.46,One-time payment,,,2023-05-26 08:58:40,lsule
NH0004038,FVW,Router,Hardware,FVW-053-RT,Juniper,Extreme Networks,MX80-AC,,2S4IC4WFM7H5,98.158.34.240,e46e57,New Westminster,Smith Hansana,2023-10-12 01:07:26,2024-02-12 01:07:26,,Maintenance,Ailbert McKinnell,609-886-4077,amckinnell13@friendfeed.com,https://alibaba.com,Deployment Service,5124.01,Annual,,,2023-10-12 01:07:26,ddandekar
NH0001974,XZS,Switch,Hardware,XZS-023-SW,Juniper,Extreme Networks,EX4100-48P,,5FZO2PF37NZ9,31.97.61.38,324091,Burnaby,Adan Rodinger,2023-08-01 06:50:59,2024-06-01 06:50:59,,Active,Opaline Spiaggia,838-549-9613,ospiaggia14@indiegogo.com,http://cocolog-nifty.com,Deployment Service,3067.53,Bi-Weekly,,,2023-07-01 06:50:59,ddandekar
NH0003576,TRQ,Switch,Hardware,TRQ-053-SW,Juniper,Extreme Networks,EX4100-48P,"",M653K7G75Q2U,220.108.3.128,95jq0s,Vancouver,Cecilius Toppas,2023-08-13 06:51:25,2025-08-13 06:51:25,NH0003576,Active,Bartolomeo Macro,902-458-6189,bmacro15@cmu.edu,https://rakuten.co.jp,Deployment Service,1007.12,Annual,,,2023-08-13 06:51:25,ddandekar
NH0006056,XZS,Router,Hardware,XZS-073-RT,Arista,Extreme Networks,AWE-5510,,Q9VO4AD3A8Q4,156.49.170.168,r87shc,Surrey,Gustie Rigden,2023-09-21 10:27:06,2024-08-21 10:27:06,,Active,Domenic Gaddesby,360-917-6594,dgaddesby16@blinklist.com,http://globo.com,Deployment Service,14243.4,One-time payment,,duis faucibus accumsan odio curabitur convallis duis consequat,2023-09-21 10:27:06,lsule
NH0009419,ZWI,Switch,Hardware,ZWI-093-SW,Juniper,Extreme Networks,EX4100-48P,"",OBT27G4I57NM,11.208.9.34,mu4x30,Surrey,Katy Strode,2023-08-24 06:34:49,2024-04-24 06:34:49,,Active,Randy Monkley,703-148-6524,rmonkley17@vimeo.com,https://purevolume.com,Deployment Service,10581.83,Annual,,lorem quisque ut erat curabitur gravida,2023-08-24 06:34:49,lsule
NH0002673,FVW,Switch,Hardware,FVW-043-SW,Cisco,Extreme Networks,SF220-24P,,6N4L9558DZTD,53.170.193.175,3hk4ie,Vancouver,Noelyn Reddan,2023-08-02 20:50:17,2023-10-02 20:50:17,,Active,Dorrie Pudan,541-801-4842,dpudan18@ocn.ne.jp,https://mapquest.com,After Sales Service,19872.97,Bi-Weekly,,,2023-06-02 20:50:17,tpastoril
NH0008486,TRQ,Switch,Hardware,TRQ-073-SW,Juniper,Extreme Networks,EX4800-48P,"",7K59S48IM592,40.245.141.176,ny6g4n,Vancouver,Allayne Shevlin,2023-10-04 08:42:09,2024-11-04 08:42:09,,Active,Moishe Tambling,392-571-9832,mtambling19@flavors.me,https://photobucket.com,After Sales Service,13367.7,Bi-Weekly,,,2023-08-04 08:42:09,ddandekar
NH0006793,TRQ,Router,Hardware,TRQ-033-RT,Juniper,Extreme Networks,MX80-AC,"",O6XNNL92NT89,20.112.102.33,i8u2vn,Vancouver,Prentiss De Lacey,2023-09-15 17:07:23,2025-03-15 17:07:23,,Active,Angelle Danihelka,384-454-5152,adanihelka1a@netscape.com,http://cnet.com,After Sales Service,23357.28,Annual,,,2023-08-15 17:07:23,ddandekar
NH0003259,ZWI,Switch,Hardware,ZWI-003-SW,Juniper,Extreme Networks,EX4100-48P,,I309E4DQ0EN8,229.129.202.190,2j1y63,New Westminster,Eddie Linnemann,2023-09-02 04:24:08,2023-12-02 04:24:08,,Active,Helyn Simion,129-168-8883,hsimion1b@webnode.com,https://people.com.cn,After Sales Service,4105.22,Annual,ZWI,,2023-09-02 04:24:08,tpastoril
NH0002296,FVW,Firewall,Hardware,FVW-073-FW,Palo Alto,Extreme Networks,PA-200,"",6Q11HK571X53,55.218.124.230,d25a7v,Vancouver,Gleda Markova,2023-10-17 05:21:36,2025-10-17 05:21:36,,Active,Delphine Dongall,802-699-3358,ddongall1c@microsoft.com,http://epa.gov,After Sales Service,3059.6,Annual,,,2023-10-17 05:21:36,ddandekar
NH0001261,TRQ,Switch,Hardware,TRQ-003-SW,Juniper,Extreme Networks,EX4100-48P,,384Q4G9KO2M7,193.57.7.173,69895u,Vancouver,Fleurette Massot,2023-09-09 01:46:34,2024-12-09 01:46:34,,Active,Agnella Karpinski,823-243-3491,akarpinski1d@diigo.com,https://multiply.com,Deployment Service,24194.11,Bi-Weekly,,,2023-09-09 01:46:34,ddandekar
NH0006041,VIF,Router,Hardware,VIF-073-RT,Juniper,Extreme Networks,MX80-AC,,ZMV5W28H3384,145.211.222.246,t296u4,New Westminster,Inna Rolin,2023-08-08 11:45:17,2024-06-08 11:45:17,,Active,Paulina Poxson,518-760-9407,ppoxson1e@cdc.gov,http://google.it,After Sales Service,2750.35,One-time payment,,,2023-06-08 11:45:17,tpastoril
NH0008220,XZS,Switch,Hardware,XZS-053-SW,Juniper,Extreme Networks,EX4100-48P,,2F2WM060248C,181.241.181.42,l828k4,Vancouver,Zandra Radage,2023-09-27 03:08:29,2024-04-27 03:08:29,,Active,Roarke Killock,363-600-2995,rkillock1f@xinhuanet.com,https://epa.gov,Deployment Service,28665.5,Annual,,,2023-08-27 03:08:29,tpastoril
NH0005340,TRQ,Switch,Hardware,TRQ-063-SW,Arista,Extreme Networks,DCS-7124S,,43T73107LJ98,173.203.156.144,0287k6,Vancouver,Blakelee Martignoni,2023-10-11 05:45:43,2024-02-11 05:45:43,,Active,Ferdy Willmore,701-893-7622,fwillmore1g@squidoo.com,http://mysql.com,Deployment Service,28387.11,Annual,,,2023-08-11 05:45:43,ddandekar
NH0009951,XZS,Router,Hardware,XZS-043-RT,Arista,Extreme Networks,AWE-5510,"",7A1Z9QA6Q8M8,122.167.249.179,i5p06s,New Westminster,Honor Crumby,2023-08-30 05:45:09,2024-06-30 05:45:09,,Active,Gisella Beckmann,913-916-9106,gbeckmann1h@myspace.com,http://shareasale.com,After Sales Service,6533.51,Monthly,,,2023-06-30 05:45:09,ddandekar
NH0001016,VIF,Router,Hardware,VIF-033-RT,Cisco,Extreme Networks,ISR 931,,EB2QJMSMIXY2,37.125.41.23,pbo956,New Westminster,Violette Melledy,2023-09-13 10:38:13,2025-06-13 10:38:13,NH0001016,Active,Jamesy Mc Ilory,869-506-2230,jmc1i@hatena.ne.jp,http://techcrunch.com,After Sales Service,3830.86,Annual,,,2023-09-13 10:38:13,tpastoril
NH0002245,TRQ,Switch,Hardware,TRQ-063-SW,Juniper,Extreme Networks,EX4100-48P,"",NBVF4WP372I5,164.34.123.36,nc6bd5,Surrey,Maddalena Rubinow,2023-10-16 14:49:21,2024-08-16 14:49:21,,Active,Jackelyn Carruthers,796-248-4387,jcarruthers1j@shinystat.com,https://networkadvertising.org,After Sales Service,8946.8,Monthly,TRQ,,2023-10-16 14:49:21,lsule
NH0007413,TRQ,Switch,Hardware,TRQ-083-SW,Juniper,Extreme Networks,EX4100-48P,,CV8326XFMD31,196.120.147.93,pbm39x,Vancouver,Yvette Stych,2023-08-10 14:08:44,2023-10-10 14:08:44,,Active,Curry Sharland,260-855-7082,csharland1k@indiegogo.com,http://patch.com,Deployment Service,22624.43,Bi-Weekly,TRQ,,2023-08-10 14:08:44,ddandekar
NH0005658,VIF,Switch,Hardware,VIF-053-SW,Cisco,Extreme Networks,CBS220-16T-2G,"",3U9KTWNDZ6WE,86.179.70.43,adc74k,New Westminster,Kerr Lowndesbrough,2023-09-25 08:17:41,2024-04-25 08:17:41,,Active,Amerigo Shakelade,594-260-5072,ashakelade1l@xing.com,https://marriott.com,Deployment Service,29359.15,One-time payment,VIF,morbi vestibulum velit id pretium iaculis diam erat,2023-07-25 08:17:41,tpastoril
NH0000951,VIF,Switch,Hardware,VIF-053-SW,Juniper,Extreme Networks,EX4100-48P,"",6PZKW8Y0V0L6,150.135.56.188,qx49hc,Vancouver,Ignacius Varran,2023-07-30 00:56:57,2025-07-30 00:56:57,,Active,Kale Drohan,495-680-0726,kdrohan1m@virginia.edu,http://usnews.com,After Sales Service,22206.73,Bi-Weekly,,montes nascetur ridiculus mus,2023-05-30 00:56:57,ddandekar
NH0006275,VIF,Not applicable,Software,Microsoft Exchange Server 2019 - Enterprise License,Microsoft,Extreme Networks,SKU 395-04604,Version 2211 (Build 15831.20208),5O2EJG30D02M,27.230.212.182,fa7ni9,New Westminster,Aaren Buney,2023-09-23 12:43:20,2025-04-23 12:43:20,NH0006275,In-Stock,Livvy Brimfield,189-172-4598,lbrimfield1n@noaa.gov,https://unesco.org,Deployment Service,7081.17,Monthly,VIF,,2023-08-23 12:43:20,tpastoril
NH0008536,FVW,Switch,Hardware,FVW-033-SW,Arista,Extreme Networks,DCS-7124S,,G98I736V9079,118.0.74.105,65xd9s,Burnaby,Jeffrey Muzzini,2023-08-17 13:16:26,2025-02-17 13:16:26,,In-Stock,Nehemiah Lippiatt,903-319-7716,nlippiatt1o@is.gd,https://bigcartel.com,After Sales Service,26565.32,One-time payment,,,2023-06-17 13:16:26,ddandekar
NH0000124,FVW,Router,Hardware,FVW-023-RT,Juniper,Extreme Networks,MX80-AC,,02Y6SML5B97H,223.77.168.76,zea119,Surrey,Filide Overland,2023-09-03 16:16:17,2024-04-03 16:16:17,NH0000124,Active,Hilde Rastall,980-254-3646,hrastall1p@ask.com,http://wunderground.com,Deployment Service,21148.68,Monthly,,,2023-07-03 16:16:17,ddandekar
NH0006622,XZS,Switch,Hardware,XZS-033-SW,Juniper,Extreme Networks,EX4100-48P,,1BTG6003659H,171.105.124.49,l036x7,Burnaby,Andreana Rawsen,2023-08-19 15:45:56,2024-12-19 15:45:56,,Active,Sterne Eard,580-999-5790,seard1q@slate.com,http://umich.edu,After Sales Service,12306.97,Bi-Weekly,,,2023-08-19 15:45:56,tpastoril
NH0000934,FVW,Switch,Hardware,FVW-013-SW,Juniper,Extreme Networks,EX4100-48P,,6758Y5Q1G9D2,22.139.88.7,xnn79x,Surrey,Gustie Eatock,2023-09-06 16:53:58,2024-04-06 16:53:58,,Active,Renado Anton,101-735-6021,ranton1r@printfriendly.com,https://ucoz.com,Deployment Service,10182.64,Monthly,,,2023-07-06 16:53:58,lsule
NH0007352,TRQ,Switch,Hardware,TRQ-053-SW,Arista,Extreme Networks,DCS-7048T-4S-F,,U22Q6UIXP54Q,59.145.149.43,74m85f,New Westminster,Barret Pigeon,2023-08-17 01:42:58,2024-12-17 01:42:58,,Active,Brittney Firks,322-277-6595,bfirks1s@buzzfeed.com,http://mlb.com,Deployment Service,16249.62,Annual,TRQ,,2023-07-17 01:42:58,ddandekar
NH0008808,VIF,Switch,Hardware,VIF-023-SW,Juniper,Extreme Networks,EX4100-48P,"",UFUOG3M60A07,163.89.110.142,7ml2a4,Burnaby,Whittaker Folland,2023-08-18 22:01:34,2024-04-18 22:01:34,,Maintenance,Bel Padson,179-997-6545,bpadson1t@tinypic.com,https://mapquest.com,After Sales Service,16310.22,Monthly,,,2023-06-18 22:01:34,tpastoril
NH0007254,FVW,AP,Hardware,FVW-013-AP,Aruba,Extreme Networks,AP635 R7J27A,,2EB52C25G0L6,152.31.110.113,qhu292,Burnaby,Davida Pavlovic,2023-08-19 19:57:44,2024-07-19 19:57:44,NH0007254,Active,Ericha Methley,773-175-8449,emethley1u@studiopress.com,https://macromedia.com,Deployment Service,20576.81,One-time payment,,,2023-07-19 19:57:44,lsule
NH0001221,VIF,Router,Hardware,VIF-033-RT,Juniper,Extreme Networks,MX80-AC,,S51D06SK8GS1,34.196.56.219,q0514h,Vancouver,Merry Dillicate,2023-08-23 23:14:24,2025-07-23 23:14:24,,Active,Barde Worstall,963-928-0803,bworstall1v@army.mil,http://eepurl.com,After Sales Service,7913.71,Annual,,,2023-06-23 23:14:24,ddandekar
NH0003364,VIF,Switch,Hardware,VIF-083-SW,Juniper,Extreme Networks,EX4100-48P,,2M904W1LTVKS,63.48.72.76,4x6v7f,Vancouver,Tamarah Georghiou,2023-08-06 05:04:44,2025-04-06 05:04:44,,Active,Ede Pidgen,465-246-1205,epidgen1w@ustream.tv,https://facebook.com,After Sales Service,26749.89,Bi-Weekly,,,2023-08-06 05:04:44,tpastoril
NH0002742,XZS,Switch,Hardware,XZS-033-SW,Juniper,Extreme Networks,EX4100-48P,"",9U345C131QI0,232.58.62.226,9gvctr,New Westminster,Zena Heintzsch,2023-08-05 00:01:36,2024-04-05 00:01:36,,Active,Cesare Greensides,661-932-1763,cgreensides1x@wp.com,https://zimbio.com,After Sales Service,22632.71,Monthly,,,2023-06-05 00:01:36,tpastoril
NH0006895,XZS,AP,Hardware,XZS-073-AP,Aruba,Extreme Networks,AP635 R7J27A,"",96HY0414N5DB,131.218.38.48,xl80hh,Vancouver,Guglielmo Slaight,2023-09-15 12:52:50,2025-01-15 12:52:50,,Active,Roselin Gotobed,845-926-4659,rgotobed1y@oakley.com,https://squarespace.com,Deployment Service,28179.95,Annual,XZS,interdum,2023-09-15 12:52:50,tpastoril
NH0000038,TRQ,Switch,Hardware,TRQ-023-SW,Juniper,Extreme Networks,EX4800-48P,"",3E2022SK1HHU,226.124.30.125,x0yaog,New Westminster,Gardie Doodney,2023-09-29 02:48:15,2023-12-29 02:48:15,,Active,Tris Monument,683-816-8055,tmonument1z@intel.com,http://state.tx.us,Deployment Service,14360.77,Monthly,,imperdiet et commodo vulputate justo in blandit ultrices enim,2023-08-29 02:48:15,ddandekar
NH0007838,VIF,Switch,Hardware,VIF-073-SW,Juniper,Extreme Networks,EX4100-48P,,J6D660D73849,164.111.214.60,6v0rg8,Vancouver,Kyle McClements,2023-07-30 19:02:27,2024-06-30 19:02:27,,Active,Quinta Norris,465-143-4000,qnorris20@squarespace.com,http://linkedin.com,Deployment Service,21565.23,Bi-Weekly,,nulla neque libero convallis eget eleifend luctus ultricies eu,2023-06-30 19:02:27,tpastoril
NH0003356,TRQ,Switch,Hardware,TRQ-083-SW,Juniper,Extreme Networks,EX4800-48P,"",P93P7579EKBV,124.80.227.184,nr4d6c,Surrey,Chucho Sailor,2023-08-23 11:03:00,2025-03-23 11:03:00,,Active,Granger Reece,793-709-1875,greece21@github.io,https://google.ca,Deployment Service,24440.51,Monthly,TRQ,,2023-06-23 11:03:00,ddandekar
NH0002942,ZWI,Switch,Hardware,ZWI-013-SW,Juniper,Extreme Networks,EX4800-48P,,63CJUM59T85I,214.183.248.97,08a693,Surrey,Eward Leyre,2023-10-23 08:21:58,2024-08-23 08:21:58,,Active,Eleanore Petworth,375-938-3947,epetworth22@cyberchimps.com,https://pcworld.com,After Sales Service,7227.93,Monthly,,,2023-09-23 08:21:58,lsule
NH0009391,TRQ,Switch,Hardware,TRQ-013-SW,Juniper,Extreme Networks,EX4100-48P,"",A8GT5MOCZ1GB,57.185.191.81,k43r3s,Surrey,Allyson Sutehall,2023-08-08 05:44:37,2024-09-08 05:44:37,,Active,Valenka Mariel,198-390-3533,vmariel23@liveinternet.ru,http://hc360.com,After Sales Service,7711.85,Monthly,TRQ,,2023-07-08 05:44:37,tpastoril
NH0006101,TRQ,Switch,Hardware,TRQ-063-SW,Cisco,Extreme Networks,SF302-08PP,"",WT1Q8K69DMN1,124.117.63.35,180gn7,Vancouver,Lynett Menere,2023-10-14 20:44:25,2025-07-14 20:44:25,NH0006101,Active,Lonna Poynser,226-933-7029,lpoynser24@soup.io,https://china.com.cn,Deployment Service,25726.07,One-time payment,,,2023-08-14 20:44:25,lsule
NH0003290,TRQ,Switch,Hardware,TRQ-083-SW,Juniper,Extreme Networks,EX4100-48P,"",3O677I56D12J,250.197.97.221,vb9bu0,Surrey,Joane Tichner,2023-10-06 09:44:22,2024-12-06 09:44:22,NH0003290,Maintenance,Amalle Hendin,684-600-8052,ahendin25@army.mil,http://aol.com,After Sales Service,4103.33,Monthly,,,2023-08-06 09:44:22,lsule
NH0004794,TRQ,Router,Hardware,TRQ-073-RT,Juniper,Extreme Networks,MX80-AC,,26WH9MFQ0OV6,226.218.108.104,s2y83t,Vancouver,Darn Russan,2023-09-01 22:07:19,2023-10-01 22:07:19,,Active,Frans Brownsey,856-134-2365,fbrownsey26@patch.com,http://weather.com,After Sales Service,15088.36,Bi-Weekly,,porta volutpat erat quisque erat eros viverra,2023-09-01 22:07:19,tpastoril
NH0004885,ZWI,Router,Hardware,ZWI-053-RT,Juniper,Extreme Networks,MX80-AC,,NTQAMB16GU10,190.32.134.75,b52223,Vancouver,Pauletta Isselee,2023-08-25 21:33:36,2024-01-25 21:33:36,,Active,Dedra Mephan,853-195-2117,dmephan27@liveinternet.ru,https://lycos.com,After Sales Service,6263.98,Monthly,,,2023-06-25 21:33:36,lsule
NH0004804,XZS,Switch,Hardware,XZS-013-SW,Juniper,Extreme Networks,EX4800-48P,"",0J0B5G52HFK2,225.24.131.39,if982z,Vancouver,Zacharias Khrishtafovich,2023-08-04 11:26:41,2024-10-04 11:26:41,NH0004804,Active,Marlow Gullam,298-924-3377,mgullam28@house.gov,https://macromedia.com,Deployment Service,12908.54,One-time payment,,,2023-06-04 11:26:41,ddandekar
NH0004221,FVW,Switch,Hardware,FVW-083-SW,Juniper,Extreme Networks,EX4100-48P,"",I9U82761617K,69.199.217.181,ylw30a,Burnaby,Wiley Sirette,2023-07-30 03:15:27,2025-04-30 03:15:27,,Active,Moises Carbry,618-278-0872,mcarbry29@comsenz.com,https://csmonitor.com,After Sales Service,28986.3,Annual,,nonummy maecenas tincidunt lacus,2023-07-30 03:15:27,lsule
NH0006271,XZS,Switch,Hardware,XZS-013-SW,Juniper,Extreme Networks,EX4100-48P,,9Z9V78IEBF08,175.39.78.189,8z79hq,Surrey,Aurilia Moline,2023-09-11 19:07:06,2023-11-11 19:07:06,,Active,Dru Cockman,985-749-6394,dcockman2a@cnbc.com,https://rambler.ru,After Sales Service,8212.02,One-time payment,,,2023-07-11 19:07:06,lsule
NH0007384,ZWI,Switch,Hardware,ZWI-093-SW,Juniper,Extreme Networks,EX4100-48P,,826NYDYU1W50,211.159.231.50,k78lie,Surrey,Cathrine Schinetti,2023-08-27 20:52:29,2024-07-27 20:52:29,,Maintenance,Colas Rodmell,565-140-4502,crodmell2b@comsenz.com,http://seattletimes.com,After Sales Service,20550.1,Annual,ZWI,,2023-08-27 20:52:29,tpastoril
NH0007980,ZWI,AP,Hardware,ZWI-003-AP,Aruba,Extreme Networks,AP635 R7J27A,"",Q73GHV2FV58U,50.177.213.133,93x2yh,Vancouver,Sharona Escott,2023-10-11 05:24:05,2025-08-11 05:24:05,,Active,Boigie McAllaster,449-549-9526,bmcallaster2c@yandex.ru,http://webmd.com,After Sales Service,17086.42,Monthly,,,2023-10-11 05:24:05,ddandekar
NH0004939,TRQ,Switch,Hardware,TRQ-013-SW,Juniper,Extreme Networks,EX4100-48P,"",DSV36UQ730ZE,134.51.52.82,t1l5fx,Vancouver,Callie Bracchi,2023-09-28 12:12:34,2024-02-28 12:12:34,,In-Stock,Lonny O'Cleary,245-739-8007,locleary2d@mashable.com,http://miitbeian.gov.cn,Deployment Service,24870.25,One-time payment,,,2023-09-28 12:12:34,lsule
NH0008132,VIF,Switch,Hardware,VIF-093-SW,Juniper,Extreme Networks,EX4100-48P,,6P3U6749WLFX,152.174.238.205,789h53,New Westminster,Barry Finessy,2023-09-04 11:56:56,2023-11-04 11:56:56,NH0008132,Active,Chester Wimmer,556-998-8425,cwimmer2e@indiatimes.com,https://drupal.org,Deployment Service,28758.8,One-time payment,,,2023-09-04 11:56:56,ddandekar
NH0009591,ZWI,Switch,Hardware,ZWI-003-SW,Juniper,Extreme Networks,EX4100-48P,"",Q42TS6L8374J,118.207.102.239,aq2941,Burnaby,Britni Broadberry,2023-10-18 17:28:19,2024-08-18 17:28:19,,Active,Tome Bruford,124-948-7376,tbruford2f@berkeley.edu,https://csmonitor.com,Deployment Service,13687.16,Monthly,,,2023-09-18 17:28:19,ddandekar
NH0000871,VIF,Switch,Hardware,VIF-063-SW,Juniper,Extreme Networks,EX4100-48P,,KW5T3ZV453V5,68.18.228.248,179m10,Vancouver,Gregorio Juster,2023-08-11 10:51:24,2024-02-11 10:51:24,,Active,Moritz Ghion,581-978-9328,mghion2g@ox.ac.uk,http://java.com,Deployment Service,12477.63,Monthly,,,2023-06-11 10:51:24,tpastoril
NH0003116,FVW,Switch,Hardware,FVW-073-SW,Juniper,Extreme Networks,EX4800-48P,"",7W29K8544S4N,186.204.167.130,893hu7,Burnaby,Deane Franies,2023-08-01 15:45:33,2024-10-01 15:45:33,,Active,Elsinore Arunowicz,418-195-8642,earunowicz2h@facebook.com,http://dyndns.org,After Sales Service,24617.76,Annual,,,2023-06-01 15:45:33,lsule
NH0000326,FVW,Switch,Hardware,FVW-053-SW,Arista,Extreme Networks,DCS-7124S,"",FV4I8XF9K118,22.135.68.132,4o8k6s,Burnaby,Cathryn Cherry,2023-10-19 14:58:55,2024-01-19 14:58:55,,Active,Belva Toynbee,313-764-8518,btoynbee2i@hao123.com,https://purevolume.com,After Sales Service,1092.08,One-time payment,,,2023-09-19 14:58:55,lsule
NH0001046,XZS,Firewall,Hardware,XZS-093-FW,Fortinet,Extreme Networks,FG-60F,"",51QCX26UW7DK,59.189.69.156,b3ny6t,Surrey,Jen Tills,2023-10-21 07:07:05,2025-02-21 07:07:05,NH0001046,Active,Dulcie Vautrey,871-387-9826,dvautrey2j@arizona.edu,http://accuweather.com,Deployment Service,16737.72,Bi-Weekly,,,2023-08-21 07:07:05,ddandekar
NH0000770,VIF,Router,Hardware,VIF-053-RT,Juniper,Extreme Networks,MX80-AC,"",ZA42EUZ81Z8B,20.83.97.77,80s10b,Burnaby,Heinrik Lafond,2023-10-04 08:23:45,2024-01-04 08:23:45,NH0000770,Active,Ara Fogt,212-843-7157,afogt2k@npr.org,https://simplemachines.org,After Sales Service,2759.3,Monthly,,,2023-10-04 08:23:45,ddandekar
NH0009426,FVW,Switch,Hardware,FVW-073-SW,Juniper,Extreme Networks,EX4800-48P,"",70B1B69964SR,29.107.42.6,i71c9s,New Westminster,Jessee Vakhrushin,2023-08-26 06:51:57,2024-01-26 06:51:57,,Active,Pascal Ladyman,984-305-3608,pladyman2l@chronoengine.com,https://wikimedia.org,Deployment Service,8815.53,One-time payment,,,2023-06-26 06:51:57,tpastoril
NH0008019,XZS,Switch,Hardware,XZS-033-SW,Juniper,Extreme Networks,EX4100-48P,,18342T91FQ64,181.144.158.96,ctc7bi,Vancouver,Korie Huband,2023-09-01 15:00:03,2024-12-01 15:00:03,,Active,Alys Bosse,870-473-7032,abosse2m@youtube.com,https://npr.org,Deployment Service,22507.23,Monthly,,,2023-09-01 15:00:03,tpastoril
NH0004725,FVW,Switch,Hardware,FVW-023-SW,Cisco,Extreme Networks,CBS220-16T-2G,,065FZA8U1MB9,246.99.44.83,h955r1,Burnaby,Levy Roston,2023-08-07 08:13:45,2024-12-07 08:13:45,,Active,Derward Bowcock,276-425-3843,dbowcock2n@japanpost.jp,http://topsy.com,Deployment Service,20438.62,One-time payment,,,2023-06-07 08:13:45,ddandekar
NH0007466,VIF,Not applicable,Software,Microsoft Exchange Server 2019 - Enterprise License,Microsoft,Extreme Networks,SKU 395-04604,,R4988ZB55223,233.249.99.88,658lqy,New Westminster,Jaye Dyers,2023-09-04 13:29:34,2024-05-04 13:29:34,,Active,Hansiain Tarplee,293-551-4621,htarplee2o@fotki.com,https://people.com.cn,Deployment Service,25454.89,Monthly,,at lorem integer,2023-07-04 13:29:34,lsule
NH0005789,VIF,AP,Hardware,VIF-043-AP,Aruba,Extreme Networks,AP635 R7J27A,"",3LF8BEBWM78L,47.146.154.3,ck1e44,Burnaby,Clarice Iseton,2023-08-01 15:39:56,2024-01-01 15:39:56,NH0005789,Active,Lexine MacGoun,475-700-0297,lmacgoun2p@princeton.edu,http://biglobe.ne.jp,Deployment Service,12097.1,Annual,,,2023-06-01 15:39:56,lsule
NH0005661,TRQ,Router,Hardware,TRQ-043-RT,Cisco,Extreme Networks,ISR 927,,0496N4U9BA5P,117.200.10.87,5991ju,Burnaby,Guido Lanchberry,2023-08-15 17:27:30,2025-05-15 17:27:30,NH0005661,Active,Boone Pudner,269-800-7156,bpudner2q@simplemachines.org,https://comsenz.com,After Sales Service,19156.26,Annual,,,2023-06-15 17:27:30,tpastoril
NH0006012,VIF,Switch,Hardware,VIF-053-SW,Juniper,Extreme Networks,EX4100-48P,,4EITU81A29R4,145.194.246.61,u3760v,New Westminster,Addi Lammert,2023-08-25 00:07:06,2025-01-25 00:07:06,,Active,Issy Kruszelnicki,336-670-8748,ikruszelnicki2r@exblog.jp,https://scientificamerican.com,After Sales Service,22856.94,Annual,,,2023-07-25 00:07:06,ddandekar
